email,address,status,total,delivery_type,id,order_id,created_at,transaction_id
audie.artavia19@gmail.com,street,pending,100.0,quick,1,$9$12-$EQG7TQB,2023-12-09 19:55:12.984547,xxx999xxx000-xxx000ddd
audie.artavia19@gmail.com,"Poland, Gdansk, street, 00-000",pending,104.94,quick,2,$15$12-$1J3JW0I,2023-12-15 14:43:37.387886,xxx999xxx000-xxx000ddd
audie.artavia19@gmail.com,"Poland, Gdansk, street, 00-000",pending,899.95,quick,3,$15$12-$T952GFB,2023-12-15 14:45:20.507286,xxx999xxx000-xxx000ddd
audie.artavia19@gmail.com,"Poland, Gdansk, street, 00-000",pending,169.93,quick,4,$15$12-$VYX7LON,2023-12-15 14:45:39.207065,xxx999xxx000-xxx000ddd
audie.artavia19@gmail.com,"Poland, Gdansk, street, 00-000",pending,299.89,quick,5,$15$12-$CR5JPMW,2023-12-15 14:46:04.666905,xxx999xxx000-xxx000ddd
